Workbook

Sheet Data Notes
A1: Meta India Regulatory Transparency Reports — Data Notes & Methodology
A3: Source
A4: Meta's India Monthly Reports under the IT (Intermediary Guidelines and Digital Media Ethics Code) Rules, 2021. Collected automatically in latest mode from: Meta Regulatory Transparency Reports Hub.
A6: IMPORTANT — Data Excluded From This Dataset
A7: None. Every report collected in this run passed the date sanity check.
A8: Separately, 7 report(s) could not be parsed or located — they are listed at the bottom of this sheet.
A10: Coverage
A11: 2 monthly data points, Jun-2021 – Jul-2021. Platforms present in this dataset: Facebook, Instagram. Meta added Threads reporting partway through the series, so Threads rows only exist for the months where a Threads data table was actually published.
A13: Column Definitions (Master Data sheet)
A14: Month | C14: Calendar month the reporting period ends in (e.g. a period of "1 Sep 2023 - 30 Sep 2023" is labeled Sep-2023). Early 2021 reports had irregular, non-calendar-month periods — see Period Start/End for exact dates.
A15: Report Published | C15: The date Meta published the report, which runs 30-45 days after the period it covers. This is also the date used in the report's own URL.
A16: Content Actioned (numeric) | C16: Content Actioned as reported, converted from abbreviated form (e.g. "1.8 M" -> 1800000, "425.7K" -> 425700) to a full number. The original text is kept in "Content Actioned (raw)".
A17: Proactive Rate (%) | C17: As reported by Meta: the % of actioned content that Meta's automated systems found before any user reported it.
A18: Proactive Actions by AI (est.) | C18: Computed as Content Actioned (numeric) x Proactive Rate. This is an ESTIMATE — Meta does not publish this figure directly; it is derived from the two published figures.
A19: Total User Grievances Received | C19: The TOTAL grievances Meta received for that platform in that month (not broken down by policy category — Meta publishes grievances by grievance TYPE e.g. "fake profile", "hacked account", a different taxonomy from the content policy categories here). Repeated on every category row for that platform-month so the sheet stays flat and pivot-friendly.
A21: Category Naming
A22: Meta expanded its policy-area taxonomy from 9-10 categories (mid-2021) to 13 (2022 onward), and renamed "Terrorist Propaganda" to "Terrorism" partway through — both are labeled "...Terrorism (formerly 'Terrorist Propaganda')" here so the full time series can be compared. Category names in the source PDFs also have inconsistent spacing due to font-rendering quirks; they are normalised to the canonical names used here.
A24: Known Limitations
A25: - Where a single reporting period was split across two reports (content-actioned data and grievance data published separately), the rows are merged into one row-set here. - A small number of early reports (2021-2022) used irregular period boundaries while Meta was still settling into a calendar-month cadence. - 'Proactive Actions by AI (est.)' is a derived estimate, not a Meta-published figure. - Figures are only as precise as Meta's own rounding (values published as '1.8 M' expand to 1,800,000; '<1 K' is recorded as 1,000).
A27: Reports Not Parsed
A28: Jun-2021 (coverage unconfirmed: 14 candidate URL(s) had transient or unclassified responses) | C28: Some candidate URLs could not be verified
A29: Jul-2021 (no report PDF at any candidate URL) | C29: No report PDF found at any candidate URL
A30: Aug-2021 (no report PDF at any candidate URL) | C30: No report PDF found at any candidate URL
A31: Sep-2021 (no report PDF at any candidate URL) | C31: No report PDF found at any candidate URL
A32: Oct-2021 (coverage unconfirmed: 58 candidate URL(s) had transient or unclassified responses) | C32: Some candidate URLs could not be verified
A33: Collection paused after HTTP 429. Wait at least 60 seconds before retrying. 59 publication month(s) were not checked. | C33: Meta rate-limited collection; some months were not checked
A34: https://transparency.meta.com/sr/india-monthly-report-july-2021_2 | C34: Only 0 policy rows found. Text starts: 'India Monthly Report under the Information Technology (Intermediary Guidelines and Digital Media Ethics Code) Rules, 2021 Published on 15 July, 2021 Scope The following report is published in accordance with Rule 4(1)(d) of the Information Technology (Intermediary Guidelines and Digital Media Ethics'
A36: Generated by meta_india_report_compiler.py on 26 Sep 2026 07:17.

Sheet Monthly Summary
A1: Month | B1: Period End | C1: Platform | D1: Total Content Actioned | E1: Total Proactive Actions by AI (est.) | F1: Overall Proactive Rate (%) | G1: Total User Grievances Received
A2: Jun-2021 | B2: 2021-06-15 | C2: Facebook | D2: =SUMIFS('Master Data'!$H$2:$H$41,'Master Data'!$A$2:$A$41,A2,'Master Data'!$E$2:$E$41,C2) | E2: =SUMIFS('Master Data'!$J$2:$J$41,'Master Data'!$A$2:$A$41,A2,'Master Data'!$E$2:$E$41,C2) | F2: =IFERROR(E2/D2,"") | G2: =AVERAGEIFS('Master Data'!$K$2:$K$41,'Master Data'!$A$2:$A$41,A2,'Master Data'!$E$2:$E$41,C2)
A3: Jun-2021 | B3: 2021-06-15 | C3: Instagram | D3: =SUMIFS('Master Data'!$H$2:$H$41,'Master Data'!$A$2:$A$41,A3,'Master Data'!$E$2:$E$41,C3) | E3: =SUMIFS('Master Data'!$J$2:$J$41,'Master Data'!$A$2:$A$41,A3,'Master Data'!$E$2:$E$41,C3) | F3: =IFERROR(E3/D3,"") | G3: =AVERAGEIFS('Master Data'!$K$2:$K$41,'Master Data'!$A$2:$A$41,A3,'Master Data'!$E$2:$E$41,C3)
A4: Jul-2021 | B4: 2021-07-31 | C4: Facebook | D4: =SUMIFS('Master Data'!$H$2:$H$41,'Master Data'!$A$2:$A$41,A4,'Master Data'!$E$2:$E$41,C4) | E4: =SUMIFS('Master Data'!$J$2:$J$41,'Master Data'!$A$2:$A$41,A4,'Master Data'!$E$2:$E$41,C4) | F4: =IFERROR(E4/D4,"") | G4: =AVERAGEIFS('Master Data'!$K$2:$K$41,'Master Data'!$A$2:$A$41,A4,'Master Data'!$E$2:$E$41,C4)
A5: Jul-2021 | B5: 2021-07-31 | C5: Instagram | D5: =SUMIFS('Master Data'!$H$2:$H$41,'Master Data'!$A$2:$A$41,A5,'Master Data'!$E$2:$E$41,C5) | E5: =SUMIFS('Master Data'!$J$2:$J$41,'Master Data'!$A$2:$A$41,A5,'Master Data'!$E$2:$E$41,C5) | F5: =IFERROR(E5/D5,"") | G5: =AVERAGEIFS('Master Data'!$K$2:$K$41,'Master Data'!$A$2:$A$41,A5,'Master Data'!$E$2:$E$41,C5)

Sheet Trend Charts
A1: Month | B1: Period End | C1: FB: Content Actioned | D1: FB: Grievances Received | E1: IG: Content Actioned | F1: IG: Grievances Received
A2: Jun-2021 | B2: 2021-06-15 | C2: =SUMIFS('Master Data'!$H$2:$H$41,'Master Data'!$A$2:$A$41,A2,'Master Data'!$E$2:$E$41,"Facebook") | D2: =IFERROR(AVERAGEIFS('Master Data'!$K$2:$K$41,'Master Data'!$A$2:$A$41,A2,'Master Data'!$E$2:$E$41,"Facebook"),"") | E2: =SUMIFS('Master Data'!$H$2:$H$41,'Master Data'!$A$2:$A$41,A2,'Master Data'!$E$2:$E$41,"Instagram") | F2: =IFERROR(AVERAGEIFS('Master Data'!$K$2:$K$41,'Master Data'!$A$2:$A$41,A2,'Master Data'!$E$2:$E$41,"Instagram"),"")
A3: Jul-2021 | B3: 2021-07-31 | C3: =SUMIFS('Master Data'!$H$2:$H$41,'Master Data'!$A$2:$A$41,A3,'Master Data'!$E$2:$E$41,"Facebook") | D3: =IFERROR(AVERAGEIFS('Master Data'!$K$2:$K$41,'Master Data'!$A$2:$A$41,A3,'Master Data'!$E$2:$E$41,"Facebook"),"") | E3: =SUMIFS('Master Data'!$H$2:$H$41,'Master Data'!$A$2:$A$41,A3,'Master Data'!$E$2:$E$41,"Instagram") | F3: =IFERROR(AVERAGEIFS('Master Data'!$K$2:$K$41,'Master Data'!$A$2:$A$41,A3,'Master Data'!$E$2:$E$41,"Instagram"),"")

Sheet Master Data
A1: Month | B1: Period Start | C1: Period End | D1: Report Published | E1: Platform | F1: Policy Category | G1: Content Actioned (raw) | H1: Content Actioned (numeric) | I1: Proactive Rate (%) | J1: Proactive Actions by AI (est.) | K1: Total User Grievances Received (platform-month)
A2: Jun-2021 | B2: 2021-05-15 | C2: 2021-06-15 | D2: 2 July, 2021 | E2: Facebook | F2: Adult Nudity and Sexual Activity | G2: 1.8 M | H2: 1800000 | I2: 0.996 | J2: =H2*I2
A3: Jun-2021 | B3: 2021-05-15 | C3: 2021-06-15 | D3: 2 July, 2021 | E3: Facebook | F3: Bullying and Harassment | G3: 118 K | H3: 118000 | I3: 0.367 | J3: =H3*I3
A4: Jun-2021 | B4: 2021-05-15 | C4: 2021-06-15 | D4: 2 July, 2021 | E4: Facebook | F4: Dangerous Organizations and Individuals: Organized Hate | G4: 75 K | H4: 75000 | I4: 0.988 | J4: =H4*I4
A5: Jun-2021 | B5: 2021-05-15 | C5: 2021-06-15 | D5: 2 July, 2021 | E5: Facebook | F5: Dangerous Organizations and Individuals: Terrorism (formerly "Terrorist Propaganda") | G5: 106 K | H5: 106000 | I5: 0.991 | J5: =H5*I5
A6: Jun-2021 | B6: 2021-05-15 | C6: 2021-06-15 | D6: 2 July, 2021 | E6: Facebook | F6: Hate Speech | G6: 311 K | H6: 311000 | I6: 0.964 | J6: =H6*I6
A7: Jun-2021 | B7: 2021-05-15 | C7: 2021-06-15 | D7: 2 July, 2021 | E7: Facebook | F7: Regulated Goods: Drugs | G7: 7.7 K | H7: 7700 | I7: 0.979 | J7: =H7*I7
A8: Jun-2021 | B8: 2021-05-15 | C8: 2021-06-15 | D8: 2 July, 2021 | E8: Facebook | F8: Regulated Goods: Firearms | G8: 2.0 K | H8: 2000 | I8: 0.894 | J8: =H8*I8
A9: Jun-2021 | B9: 2021-05-15 | C9: 2021-06-15 | D9: 2 July, 2021 | E9: Facebook | F9: Suicide and Self-Injury | G9: 589 K | H9: 589000 | I9: 0.997 | J9: =H9*I9
A10: Jun-2021 | B10: 2021-05-15 | C10: 2021-06-15 | D10: 2 July, 2021 | E10: Facebook | F10: Spam | G10: 25 M | H10: 25000000 | I10: 0.999 | J10: =H10*I10
A11: Jun-2021 | B11: 2021-05-15 | C11: 2021-06-15 | D11: 2 July, 2021 | E11: Facebook | F11: Violent and Graphic Content | G11: 2.5 M | H11: 2500000 | I11: 0.999 | J11: =H11*I11
A12: Jun-2021 | B12: 2021-05-15 | C12: 2021-06-15 | D12: 2 July, 2021 | E12: Instagram | F12: Adult Nudity and Sexual Activity | G12: 490 K | H12: 490000 | I12: 0.965 | J12: =H12*I12
A13: Jun-2021 | B13: 2021-05-15 | C13: 2021-06-15 | D13: 2 July, 2021 | E13: Instagram | F13: Bullying and Harassment | G13: 108 K | H13: 108000 | I13: 0.431 | J13: =H13*I13
... A21: Jun-2021 | B21: 2021-05-15 | C21: 2021-06-15 | D21: 2 July, 2021 | E21: Instagram | F21: Violent and Graphic Content | G21: 668 K | H21: 668000 | I21: 0.997 | J21: =H21*I21
A22: Jul-2021 | B22: 2021-06-16 | C22: 2021-07-31 | D22: 31 August, 2021 | E22: Facebook | F22: Adult Nudity and Sexual Activity | G22: 2.6 M | H22: 2600000 | I22: 0.997 | J22: =H22*I22 | K22: 1504
A23: Jul-2021 | B23: 2021-06-16 | C23: 2021-07-31 | D23: 31 August, 2021 | E23: Facebook | F23: Bullying and Harassment | G23: 123.4 K | H23: 123400 | I23: 0.423 | J23: =H23*I23 | K23: 1504
A24: Jul-2021 | B24: 2021-06-16 | C24: 2021-07-31 | D24: 31 August, 2021 | E24: Facebook | F24: Dangerous Organizations and Individuals: Organized Hate | G24: 94.5 K | H24: 94500 | I24: 0.998 | J24: =H24*I24 | K24: 1504
A25: Jul-2021 | B25: 2021-06-16 | C25: 2021-07-31 | D25: 31 August, 2021 | E25: Facebook | F25: Dangerous Organizations and Individuals: Terrorism (formerly "Terrorist Propaganda") | G25: 121.2 K | H25: 121200 | I25: 0.996 | J25: =H25*I25 | K25: 1504
A26: Jul-2021 | B26: 2021-06-16 | C26: 2021-07-31 | D26: 31 August, 2021 | E26: Facebook | F26: Hate Speech | G26: 324.3 K | H26: 324300 | I26: 0.972 | J26: =H26*I26 | K26: 1504
A27: Jul-2021 | B27: 2021-06-16 | C27: 2021-07-31 | D27: 31 August, 2021 | E27: Facebook | F27: Regulated Goods: Drugs | G27: 30.7 K | H27: 30700 | I27: 0.992 | J27: =H27*I27 | K27: 1504
A28: Jul-2021 | B28: 2021-06-16 | C28: 2021-07-31 | D28: 31 August, 2021 | E28: Facebook | F28: Regulated Goods: Firearms | G28: 4.6 K | H28: 4600 | I28: 0.868 | J28: =H28*I28 | K28: 1504
A29: Jul-2021 | B29: 2021-06-16 | C29: 2021-07-31 | D29: 31 August, 2021 | E29: Facebook | F29: Suicide and Self-Injury | G29: 945.6 K | H29: 945600 | I29: 0.996 | J29: =H29*I29 | K29: 1504
A30: Jul-2021 | B30: 2021-06-16 | C30: 2021-07-31 | D30: 31 August, 2021 | E30: Facebook | F30: Spam | G30: 25.6 M | H30: 25600000 | I30: 0.999 | J30: =H30*I30 | K30: 1504
A31: Jul-2021 | B31: 2021-06-16 | C31: 2021-07-31 | D31: 31 August, 2021 | E31: Facebook | F31: Violent and Graphic Content | G31: 3.5 M | H31: 3500000 | I31: 0.999 | J31: =H31*I31 | K31: 1504
A32: Jul-2021 | B32: 2021-06-16 | C32: 2021-07-31 | D32: 31 August, 2021 | E32: Instagram | F32: Adult Nudity and Sexual Activity | G32: 676.1 K | H32: 676100 | I32: 0.953 | J32: =H32*I32 | K32: 265
A33: Jul-2021 | B33: 2021-06-16 | C33: 2021-07-31 | D33: 31 August, 2021 | E33: Instagram | F33: Bullying and Harassment | G33: 195.1 K | H33: 195100 | I33: 0.646 | J33: =H33*I33 | K33: 265
... A41: Jul-2021 | B41: 2021-06-16 | C41: 2021-07-31 | D41: 31 August, 2021 | E41: Instagram | F41: Violent and Graphic Content | G41: 1.1 M | H41: 1100000 | I41: 0.998 | J41: =H41*I41 | K41: 265
A43: Note: 'Total User Grievances Received' is the platform-month total (not broken down by category) and is repeated on every category row for that platform-month, so it can be filtered/pivoted alongside category-level data. 'Proactive Actions by AI (est.)' = Content Actioned x Proactive Rate.
